City,State
Aberdeen,Washington
Abilene,Texas
Akron,Ohio
Albany,New York
Albuquerque,New Mexico
Alexandria,Virginia
Amarillo,Texas
Anaheim,California
Anchorage,Alaska
Ann Arbor,Michigan
Antioch,California
Apple Valley,Minnesota
Appleton,Wisconsin
Arlington,Texas
Arvada,Colorado
Asheville,North Carolina
Athens,Georgia
Atlanta,Georgia
Atlantic City,New Jersey
Augusta,Georgia
Aurora,Illinois
Austin,Texas
Bakersfield,California
Baltimore,Maryland
Barnstable,Massachusetts
Baton Rouge,Louisiana
Beaumont,Texas
Bel Air,California
Bellevue,Washington
Berkeley,California
Billings,Montana
Birmingham,Alabama
Bloomington,Indiana
Boise,Idaho
Boise City,Idaho
Bonita Springs,Florida
Boston,Massachusetts
Boulder,Colorado
Bradenton,Florida
Bremerton,Washington
Brighton,Colorado
Brownsville,Texas
Bryan,Texas
Buffalo,New York
Burbank,California
Burlington,Vermont
Cambridge,Massachusetts
Canton,Texas
Cape Coral,Florida
Carrollton,Texas
Cary,North Carolina
Cathedral City,California
Cedar Rapids,Iowa
Champaign,Illinois
Chandler,Arizona
Charleston,South Carolina
Charlotte,North Carolina
Chattanooga,Tennessee
Chesapeake,Virginia
Chicago,Illinois
Chula Vista,California
Cincinnati,Ohio
Clarke County,Iowa
Clarksville,Tennessee
Clearwater,Florida
Cleveland,Ohio
College Station,Texas
Colorado Springs,Colorado
Columbia,South Carolina
Columbus,Ohio
Concord,New Hampshire
Coral Springs,Florida
Corona,California
Corpus Christi,Texas
Costa Mesa,California
Dallas,Texas
Daly City,California
Danbury,Connecticut
Davenport,Iowa
Davidson County,North Carolina
Dayton,Ohio
Daytona Beach,Florida
Deltona,Florida
Denton,Texas
Denver,Colorado
Des Moines,Iowa
Detroit,Michigan
Downey,California
Duluth,Minnesota
Durham,North Carolina
El Monte,California
El Paso,Texas
Elizabeth,New Jersey
Elk Grove,California
Elkhart,Indiana
Escondido,California
Eugene,Oregon
Evansville,Indiana
Fairfield,Ohio
Fargo,North Dakota
Fayetteville,Arkansas
Fitchburg,Massachusetts
Flint,Michigan
Fontana,California
Fort Collins,Colorado
Fort Lauderdale,Florida
Fort Smith,Arkansas
Fort Walton Beach,Florida
Fort Wayne,Indiana
Fort Worth,Texas
Frederick,Virginia
Fremont,California
Fresno,California
Fullerton,California
Gainesville,Florida
Garden Grove,California
Garland,Texas
Gastonia,North Carolina
Gilbert,Arizona
Glendale,California
Grand Prairie,Texas
Grand Rapids,Michigan
Grayslake,Illinois
Green Bay,Wisconsin
GreenBay,Texas
Greensboro,North Carolina
Greenville,South Carolina
Gulfport-Biloxi,Mississippi
Hagerstown,Maryland
Hampton,Virginia
Harlingen,Texas
Hartford,Connecticut
Havre de Grace,Maryland
Hayward,California
Hemet,California
Henderson,Texas
Hesperia,California
Hialeah,Florida
Hickory,Missouri
High Point,North Carolina
Hollywood,California
Honolulu,Hawaii
Houma,Louisiana
Houston,Texas
Howell,Missouri
Huntington,West Virginia
Huntington Beach,California
Huntsville,Alabama
Independence,Missouri
Indianapolis,Indiana
Inglewood,California
Irvine,California
Irving,Texas
Jackson,Mississippi
Jacksonville,Florida
Jefferson,Texas
Jersey City,New Jersey
Johnson City,Tennessee
Joliet,Illinois
Kailua,Hawaii
Kalamazoo,Michigan
Kaneohe,Hawaii
Kansas City,Missouri
Kennewick,Washington
Kenosha,Wisconsin
Killeen,Texas
Kissimmee,Florida
Knoxville,Tennessee
Lacey,Washington
Lafayette,Florida
Lake Charles,Louisiana
Lakeland,Florida
Lakewood,Colorado
Lansing,Michigan
Laredo,Texas
Las Cruces,New Mexico
Las Vegas,Nevada
Layton,Utah
Leominster,Massachusetts
Lewisville,Texas
Lexington,Kentucky
Lincoln,Nebraska
Little Rock,Arkansas
Long Beach,California
Lorain,Ohio
Los Angeles,California
Louisville,Kentucky
Lowell,Massachusetts
Lubbock,Texas
Macon,Georgia
Madison,Wisconsin
Manchester,New Hampshire
Marina,California
Marysville,Washington
McAllen,Texas
McHenry,Illinois
Medford,Massachusetts
Melbourne,Florida
Memphis,Tennessee
Merced,California
Mesa,Arizona
Mesquite,Texas
Miami,Florida
Milwaukee,Wisconsin
Minneapolis,Minnesota
Miramar,Florida
Mission Viejo,California
Mobile,Alabama
Modesto,California
Monroe,Illinois
Monterey,California
Montgomery,Alabama
Moreno Valley,California
Murfreesboro,Tennessee
Murrieta,California
Muskegon,Michigan
Myrtle Beach,South Carolina
Naperville,Illinois
Naples,Florida
Nashua,New Hampshire
Nashville,Tennessee
New Bedford,Massachusetts
New London,Connecticut
New Orleans,Louisiana
New York,New York
New York City,New York
Newark,New Jersey
Newburgh,New York
Newport News,Virginia
Norfolk,Virginia
Normal,Illinois
Norman,Oklahoma
North Charleston,South Carolina
North Las Vegas,Nevada
North Port,Florida
Norwalk,Connecticut
Norwich,Connecticut
Oakland,California
Ocala,Florida
Oceanside,California
Odessa,Texas
Ogden,Utah
Oklahoma City,Oklahoma
Olathe,Kansas
Olympia,Washington
Omaha,Nebraska
Ontario,California
Orange,California
Orem,Utah
Orlando,Florida
Overland Park,Kansas
Oxnard,California
Palm Bay,Florida
Palm Springs,California
Palmdale,California
Panama City,Florida
Pasadena,California
Paterson,New Jersey
Pembroke Pines,Florida
Pensacola,Florida
Peoria,Illinois
Phoenix,Arizona
Plano,Texas
Pomona,California
Pompano Beach,Florida
Port Arthur,Texas
Port Orange,Florida
Port Saint Lucie,Florida
Port St. Lucie,Florida
Portland,Oregon
Portsmouth,New Hampshire
Poughkeepsie,New York
Providence,Rhode Island
Provo,Utah
Pueblo,Colorado
Punta Gorda,Florida
Racine,Wisconsin
Raleigh,North Carolina
Rancho Cucamonga,California
Redding,California
Reno,Nevada
Richland,Illinois
Richmond,Virginia
Richmond County,New York
Riverside,California
Roanoke,Virginia
Rochester,New York
Rockford,Illinois
Roseville,California
Round Lake Beach,Illinois
Sacramento,California
Saginaw,Michigan
Saint Louis,Missouri
Saint Paul,Minnesota
Saint Petersburg,Florida
Salem,Oregon
Salinas,California
Salt Lake City,Utah
San Antonio,Texas
San Bernardino,California
San Buenaventura,California
San Diego,California
San Francisco,California
San Jose,California
Santa Ana,California
Santa Barbara,California
Santa Clara,California
Santa Clarita,California
Santa Cruz,California
Santa Maria,California
Santa Rosa,California
Sarasota,Florida
Savannah,Georgia
Scottsdale,Arizona
Seaside,California
Seattle,Washington
Sebastian,Arkansas
Shreveport,Louisiana
Simi Valley,California
Sioux City,Iowa
Sioux Falls,South Dakota
South Bend,Indiana
South Lyon,Michigan
Spartanburg,South Carolina
Spokane,Washington
Springdale,Arkansas
Springfield,Illinois
St. Louis,Missouri
St. Paul,Kansas
St. Petersburg,Florida
Stamford,Connecticut
Sterling Heights,Michigan
Stockton,California
Sunnyvale,California
Syracuse,New York
Tacoma,Washington
Tallahassee,Florida
Tampa,Florida
Temecula,California
Tempe,Arizona
Thornton,Colorado
Thousand Oaks,California
Toledo,Ohio
Topeka,Kansas
Torrance,California
Trenton,New Jersey
Tucson,Arizona
Tulsa,Oklahoma
Tuscaloosa,Alabama
Tyler,Texas
Utica,New York
Vallejo,California
Vancouver,Washington
Vero Beach,Florida
Victorville,California
Virginia Beach,Virginia
Visalia,California
Waco,Texas
Washington,District of Columbia
Waterbury,Connecticut
Waterloo,Iowa
West Covina,California
West Valley City,Utah
Westminster,Colorado
Wichita,Kansas
Wilmington,Delaware
Winston,Mississippi
Winter Haven,Florida
Worcester,Massachusetts
Yakima,Washington
Yonkers,New York
Youngstown,Ohio
